database,sequence_database_number,sequence_info,sequence_length,sensitivity,ppv,f1,execution_wall_time_secs
SPR,491,tdbR00000012,76,0.6,0.8571428571428571,0.7058823529411764,1164.350099481002
SPR,326,tdbR00000286,77,0.75,0.7142857142857143,0.7317073170731706,932.1656643850001
SPR,477,tdbR00000461,71,0.6842105263157895,0.7222222222222222,0.7027027027027027,447.6286087389999
SPR,358,tdbR00000353,77,0.5714285714285714,0.5217391304347826,0.5454545454545454,1112.2096015499992
SPR,549,tdbR00000319,77,0.9523809523809523,0.9090909090909091,0.9302325581395349,832.2643274859984
SPR,319,tdbR00000146,76,0.8095238095238095,0.8947368421052632,0.8500000000000001,995.886477617998
SPR,496,tdbR00000362,76,0.8095238095238095,0.9444444444444444,0.8717948717948718,1073.5667732969996
