database,sequence_database_number,sequence_info,sequence_length,sensitivity,ppv,f1,execution_wall_time_secs
SPR,491,tdbR00000012,76,0.5,0.8333333333333334,0.625,27.312019011000302
SPR,326,tdbR00000286,77,0.75,0.7142857142857143,0.7317073170731706,16.67782299100145
SPR,477,tdbR00000461,71,0.6842105263157895,0.7222222222222222,0.7027027027027027,10.428677101001085
SPR,358,tdbR00000353,77,0.5714285714285714,0.7058823529411765,0.6315789473684211,29.522566273000848
SPR,549,tdbR00000319,77,0.9523809523809523,0.9090909090909091,0.9302325581395349,21.466783225001564
SPR,319,tdbR00000146,76,0.8095238095238095,1.0,0.8947368421052632,25.23789753299934
SPR,496,tdbR00000362,76,0.5714285714285714,0.9230769230769231,0.7058823529411765,24.69652538000082
SRP,543,Myco.pene._BA000026,77,0.8,0.9090909090909091,0.8510638297872342,96.11363072199674
