database,sequence_database_number,sequence_info,sequence_length,sensitivity,ppv,f1,execution_wall_time_secs
SPR,491,tdbR00000012,76,0.6,0.8571428571428571,0.7058823529411764,0.23629009500109532
SPR,326,tdbR00000286,77,0.75,0.7142857142857143,0.7317073170731706,0.23678921000100672
SPR,477,tdbR00000461,71,0.6842105263157895,0.7222222222222222,0.7027027027027027,0.19698232600057963
SPR,358,tdbR00000353,77,0.5714285714285714,0.7058823529411765,0.6315789473684211,0.24102154800129938
SPR,549,tdbR00000319,77,0.9523809523809523,0.9090909090909091,0.9302325581395349,0.2670107609992556
SPR,319,tdbR00000146,76,0.8095238095238095,1.0,0.8947368421052632,0.27921056699779
SPR,496,tdbR00000362,76,0.42857142857142855,0.9,0.5806451612903225,0.3593198950002261
SRP,543,Myco.pene._BA000026,77,0.88,1.0,0.9361702127659575,0.5406206519983243
