database,sequence_database_number,sequence_info,sequence_length,sensitivity,ppv,f1,execution_wall_time_secs
SPR,491,tdbR00000012,76,0.55,0.5,0.5238095238095238,0.002505819000361953
SPR,326,tdbR00000286,77,0.7,0.5,0.5833333333333334,0.002443099998345133
SPR,477,tdbR00000461,71,0.9473684210526315,0.8571428571428571,0.9,0.0014774480005144142
SPR,358,tdbR00000353,77,0.7619047619047619,0.6153846153846154,0.6808510638297872,0.0022547219996340573
SPR,549,tdbR00000319,77,1.0,0.84,0.9130434782608696,0.0025226540019502863
SPR,319,tdbR00000146,76,0.5714285714285714,0.42857142857142855,0.48979591836734687,0.002214730000559939
SPR,496,tdbR00000362,76,0.5714285714285714,0.6,0.5853658536585366,0.002146857001207536
SRP,543,Myco.pene._BA000026,77,0.76,0.6129032258064516,0.6785714285714285,0.002062255000055302
