database,sequence_database_number,sequence_info,sequence_length,sensitivity,ppv,f1,execution_wall_time_secs
SPR,491,tdbR00000012,76,0.7,0.5833333333333334,0.6363636363636365,0.06058167999981379
SPR,326,tdbR00000286,77,0.7,0.5,0.5833333333333334,0.12967223700252362
SPR,477,tdbR00000461,71,0.8947368421052632,0.85,0.8717948717948718,0.09616310199999134
SPR,358,tdbR00000353,77,0.7619047619047619,0.6153846153846154,0.6808510638297872,0.09161706500162836
SPR,549,tdbR00000319,77,0.9523809523809523,0.8333333333333334,0.888888888888889,0.14924466800221126
SPR,319,tdbR00000146,76,0.5714285714285714,0.42857142857142855,0.48979591836734687,0.1415554790000897
SPR,496,tdbR00000362,76,1.0,1.0,1.0,0.14497543600009521
SRP,543,Myco.pene._BA000026,77,0.76,0.6129032258064516,0.6785714285714285,0.13887439600148355
